{
  "round": 2,
  "mined_cap": 600,
  "n_train": 5496,
  "n_pos": 2440,
  "n_neg": 3056,
  "seeds": [
    0,
    1,
    2,
    3,
    4
  ],
  "val_mcc_mean": 0.8637694757686886,
  "val_mcc_per_seed": [
    0.8715972086349704,
    0.8702132486587998,
    0.8640045006357088,
    0.8593018122594143,
    0.8537306086545499
  ],
  "test_mcc_ensemble": 0.8842159693363548,
  "test_f1_ensemble": 0.9420035149384886,
  "test_auc_ensemble": 0.985595567867036,
  "fp_rate_ensemble@0.5": 0.0366,
  "tpr_test_ensemble@0.5": 0.9403508771929825,
  "fp_rate_seed_mean": 0.0412,
  "fp_rate_seed_std": 0.00418186561237924,
  "fp_per_seed": [
    0.0386,
    0.047,
    0.036,
    0.0452,
    0.0392
  ],
  "tpr_seed_mean": 0.9410526315789474,
  "tpr_seed_std": 0.0116161020050855,
  "tpr_per_seed": [
    0.9298245614035088,
    0.9578947368421052,
    0.9438596491228071,
    0.9473684210526315,
    0.9263157894736842
  ],
  "train_seconds_per_seed": [
    9.537221908569336,
    3.9774398803710938,
    3.482476234436035,
    3.8744823932647705,
    4.666948556900024
  ]
}