{
  "round": 0,
  "mined_cap": 0,
  "n_train": 4896,
  "n_pos": 2440,
  "n_neg": 2456,
  "seeds": [
    0,
    1,
    2,
    3,
    4
  ],
  "val_mcc_mean": 0.8945448872684707,
  "val_mcc_per_seed": [
    0.8929233850890917,
    0.9061143159575594,
    0.8954297264291171,
    0.8818802453400874,
    0.896376763526498
  ],
  "test_mcc_ensemble": 0.8503381726001075,
  "test_f1_ensemble": 0.9266666666666666,
  "test_auc_ensemble": 0.982825484764543,
  "fp_rate_ensemble@0.5": 0.0754,
  "tpr_test_ensemble@0.5": 0.9754385964912281,
  "fp_rate_seed_mean": 0.07898,
  "fp_rate_seed_std": 0.009110960432358381,
  "fp_per_seed": [
    0.0874,
    0.068,
    0.0678,
    0.0844,
    0.0873
  ],
  "tpr_seed_mean": 0.9719298245614034,
  "tpr_seed_std": 0.008303269871017002,
  "tpr_per_seed": [
    0.9754385964912281,
    0.9754385964912281,
    0.9578947368421052,
    0.968421052631579,
    0.9824561403508771
  ],
  "train_seconds_per_seed": [
    6.513852119445801,
    5.521703004837036,
    3.1327338218688965,
    2.9267354011535645,
    4.7338573932647705
  ]
}