{
  "model": "plm4cpps_640_published",
  "backbone": "esm2_t30_150M_UR50D",
  "eval_set": "v6_test",
  "n": 570,
  "tau": 0.1263091117143631,
  "test_at_tau": {
    "threshold": 0.1263091117143631,
    "mcc": 0.5554841987483927,
    "f1": 0.7929936305732485,
    "auc": 0.8915727916281933,
    "auprc": 0.9143703153031698,
    "fpr": 0.3298245614035088,
    "tpr": 0.8736842105263158,
    "acc": 0.7719298245614035,
    "tp": 249,
    "fp": 94,
    "fn": 36,
    "tn": 191
  },
  "test_at_05": {
    "threshold": 0.5,
    "mcc": 0.6521396701034928,
    "f1": 0.7895791583166333,
    "auc": 0.8915727916281933,
    "auprc": 0.9143703153031698,
    "fpr": 0.05964912280701754,
    "tpr": 0.6912280701754386,
    "acc": 0.8157894736842105,
    "tp": 197,
    "fp": 17,
    "fn": 88,
    "tn": 268
  }
}