{
  "backbone": "frozen ESM-C 600M (open-weight)",
  "head": "seqcnn",
  "arch": "SeqCNNHead",
  "in_dim": 1152,
  "seeds": [
    0,
    1,
    2,
    3,
    4
  ],
  "val_mcc_mean": 0.8758044197554054,
  "test_mcc_ensemble": 0.747070821401784,
  "test_f1_ensemble": 0.8784440842787682,
  "test_auc_ensemble": 0.9664635272391505
}